Commit made at Sat Jul 20 01:32:10 UTC 2024
Commit made at Sat Jul 20 01:39:37 UTC 2024 with sticker: ğŸ™ Be thankful.
Commit made at Sat Jul 20 08:02:05 UTC 2024 with sticker: 😜 Be yourself, everyone else is taken.
Commit made at Sun Jul 21 01:20:09 UTC 2024 with sticker: ğŸ™ Be thankful.
Commit made at Mon Jul 22 01:17:12 UTC 2024 with sticker: ğŸ‘ Youâ€™re doing great.
Commit made at Tue Jul 23 01:15:11 UTC 2024 with sticker: 🌟 Shine bright.
Commit made at Wed Jul 24 01:15:30 UTC 2024 with sticker: 😜 Be yourself, everyone else is taken.
Commit made at Thu Jul 25 01:15:01 UTC 2024 with sticker: 👀 Keep an eye on your goals.
Commit made at Fri Jul 26 01:14:10 UTC 2024 with sticker: ğŸ˜ Happiness looks gorgeous on you.
Commit made at Sat Jul 27 01:13:47 UTC 2024 with sticker: 💪 Stay strong.
Commit made at Sun Jul 28 01:20:35 UTC 2024 with sticker: 🔥 Stay passionate.
